abduction,anew,2.76,-2.06,5.53,-2.43
abortion,anew,3.5,-2.3,5.39,-2.8
absurd,anew,4.26,-1.82,4.36,-2.2
abundance,anew,6.59,-2.01,5.51,-2.63
abuse,anew,1.8,-1.23,6.83,-2.7
acceptance,anew,7.98,-1.42,5.4,-2.7
accident,anew,2.05,-1.19,6.26,-2.87
ace,anew,6.88,-1.93,5.5,-2.66
ache,anew,2.46,-1.52,5,-2.45
achievement,anew,7.89,-1.38,5.53,-2.81
activate,anew,5.46,-0.98,4.86,-2.56
addict,anew,2.48,-2.08,5.66,-2.26
addicted,anew,2.51,-1.42,4.81,-2.46
admire,confident,7.74,-1.84,6.11,-2.36
admired,confident,7.74,-1.84,6.11,-2.36
admired,anew,7.74,-1.84,6.11,-2.36
admiring,confident,7.74,-1.84,6.11,-2.36
adorable,anew,7.81,-1.24,5.12,-2.71
adult,anew,6.49,-1.5,4.76,-1.95
advantage,anew,6.95,-1.85,4.76,-2.18
adventure,anew,7.6,-1.5,6.98,-2.15
affection,anew,8.39,-0.86,6.21,-2.75
afraid,scared,2,-1.28,6.67,-2.54
afraid,anew,2,-1.28,6.67,-2.54
aggressive,violent,5.1,-1.68,5.83,-2.33
aggressive,anew,5.1,-1.68,5.83,-2.33
agility,anew,6.46,-1.57,4.85,-1.8
agony,anew,2.43,-2.17,6.06,-2.67
agreement,anew,7.08,-1.59,5.02,-2.24
air,anew,6.34,-1.56,4.12,-2.3
alcoholic,anew,2.84,-2.34,5.69,-2.36
alert,alert,6.2,-1.76,6.85,-2.53
alert,anew,6.2,-1.76,6.85,-2.53
alien,anew,5.6,-1.82,5.45,-2.15
alimony,anew,3.95,-2,4.3,-2.29
alive,anew,7.25,-2.22,5.5,-2.74
allergy,anew,3.07,-1.64,4.64,-2.34
alley,anew,4.48,-1.97,4.91,-2.42
alone,anew,2.41,-1.77,4.83,-2.66
aloof,indifferent,4.9,-1.92,4.28,-2.1
aloof,anew,4.9,-1.92,4.28,-2.1
alright,content,6.06,-1.42,4.7,-2.54
amazing,great,9,0,6,0
ambition,anew,7.04,-1.98,5.61,-2.92
ambulance,anew,2.47,-1.5,7.33,-1.96
angel,anew,7.53,-1.58,4.83,-2.63
anger,angry,2.34,-1.32,7.63,-1.91
anger,anew,2.34,-1.32,7.63,-1.91
angry,angry,2.85,-1.7,7.17,-2.07
angry,anew,2.85,-1.7,7.17,-2.07
anguish,stressed,2.12,-1.56,5.33,-2.69
anguished,stressed,2.12,-1.56,5.33,-2.69
anguished,anew,2.12,-1.56,5.33,-2.69
ankle,anew,5.27,-1.54,4.16,-2.03
annoy,annoying,2.74,-1.81,6.49,-2.17
annoy,anew,2.74,-1.81,6.49,-2.17
annoyed,annoying,3.5,-2.18,4.74,-2.42
annoying,annoying,3.5,-2.18,4.74,-2.42
answer,anew,6.63,-1.68,5.41,-2.43
anxious,nervous,4.81,-1.98,6.92,-1.81
anxious,anew,4.81,-1.98,6.92,-1.81
applause,anew,7.5,-1.5,5.8,-2.79
appliance,anew,5.1,-1.21,4.05,-2.06
arm,anew,5.34,-1.82,3.59,-2.4
army,anew,4.72,-1.75,5.03,-2.03
arouse,excited,7.97,-1,6.63,-2.7
aroused,excited,7.97,-1,6.63,-2.7
aroused,anew,7.97,-1,6.63,-2.7
arousing,excited,7.97,-1,6.63,-2.7
arrogant,confident,3.69,-2.4,5.65,-2.23
arrogant,anew,3.69,-2.4,5.65,-2.23
art,anew,6.68,-2.1,4.86,-2.88
assassin,anew,3.09,-2.09,6.28,-2.53
assault,anew,2.03,-1.55,7.51,-2.28
astonished,surprised,6.56,-1.61,6.58,-2.22
astonished,anew,6.56,-1.61,6.58,-2.22
astronaut,anew,6.66,-1.6,5.28,-2.11
athletics,anew,6.61,-2.08,6.1,-2.29
autumn,anew,6.3,-2.14,4.51,-2.5
avalanche,anew,3.29,-1.95,5.54,-2.37
avenue,anew,5.5,-1.37,4.12,-2.01
awed,surprised,6.7,-1.38,5.74,-2.31
awed,anew,6.7,-1.38,5.74,-2.31
awesome,great,9,0,6,0
baby,anew,8.22,-1.2,5.53,-2.8
bad,unfortunate,2,0,4,0
bake,anew,6.17,-1.71,5.1,-2.3
bandage,anew,4.54,-1.75,3.9,-2.07
bankrupt,anew,2,-1.31,6.21,-2.79
banner,anew,5.4,-0.83,3.83,-1.95
bar,anew,6.42,-2.05,5,-2.83
barrel,anew,5.05,-1.46,3.36,-2.28
basket,anew,5.45,-1.15,3.63,-2.02
bastard,anew,3.36,-2.16,6.07,-2.15
bath,anew,7.33,-1.45,4.16,-2.31
bathroom,anew,5.55,-1.36,3.88,-1.72
bathtub,anew,6.69,-1.57,4.36,-2.59
beach,anew,8.03,-1.59,5.53,-3.07
beast,anew,4.23,-2.41,5.57,-2.61
beautiful,anew,7.6,-1.64,6.17,-2.34
beauty,anew,7.82,-1.16,4.95,-2.57
bed,anew,7.51,-1.38,3.61,-2.56
bees,anew,3.2,-2.07,6.51,-2.14
beggar,anew,3.22,-2.02,4.91,-2.45
bench,anew,4.61,-1.4,3.59,-2.07
bereavement,sad,4.57,-1.7,4.2,-2.15
bereavement,anew,4.57,-1.7,4.2,-2.15
betray,anew,1.68,-1.02,7.24,-2.06
beverage,anew,6.83,-1.48,5.21,-2.46
bird,anew,7.27,-1.36,3.17,-2.23
birthday,anew,7.84,-1.92,6.68,-2.11
black,anew,5.39,-1.8,4.61,-2.24
blackmail,anew,2.95,-1.95,6.03,-2.7
bland,anew,4.1,-1.08,3.29,-1.89
blase,anew,4.89,-1.16,3.94,-1.76
blasphemy,anew,3.75,-2.26,4.93,-2.34
bless,fortunate,7.19,-1.69,4.05,-2.59
bless,anew,7.19,-1.69,4.05,-2.59
blind,anew,3.05,-1.99,4.39,-2.36
bliss,fortunate,6.95,-2.24,4.41,-2.95
bliss,anew,6.95,-2.24,4.41,-2.95
blister,anew,2.88,-1.75,4.1,-2.34
blond,anew,6.43,-2.04,5.07,-2.7
bloody,anew,2.9,-1.98,6.41,-2
blossom,anew,7.26,-1.18,5.03,-2.65
blubber,anew,3.52,-1.99,4.57,-2.38
blue,anew,6.76,-1.78,4.31,-2.2
board,anew,4.82,-1.23,3.36,-2.12
body,anew,5.55,-2.37,5.52,-2.63
bold,confident,6.8,-1.61,5.6,-2.21
bold,anew,6.8,-1.61,5.6,-2.21
bomb,anew,2.1,-1.19,7.15,-2.4
book,anew,5.72,-1.54,4.17,-2.49
bored,indifferent,2.95,-1.35,2.83,-2.31
bored,anew,2.95,-1.35,2.83,-2.31
bottle,anew,6.15,-1.49,4.79,-2.44
bouquet,anew,7.02,-1.84,5.46,-2.47
bowl,anew,5.33,-1.33,3.47,-2.12
boxer,anew,5.51,-1.8,5.12,-2.26
boy,anew,6.32,-1.6,4.58,-2.37
brave,confident,7.15,-1.64,6.15,-2.45
brave,anew,7.15,-1.64,6.15,-2.45
breast,anew,6.5,-1.78,5.37,-2.39
breeze,anew,6.85,-1.71,4.37,-2.32
bride,anew,7.34,-1.71,5.55,-2.74
bright,anew,7.5,-1.55,5.4,-2.33
broken,anew,3.05,-1.92,5.43,-2.42
brother,anew,7.11,-2.17,4.71,-2.68
brutal,anew,2.8,-1.9,6.6,-2.36
building,anew,5.29,-1.15,3.92,-1.94
bullet,anew,3.29,-2.06,5.33,-2.48
bummed,sad,2.39,-1.25,4.78,-2.52
bunny,anew,7.24,-1.32,4.06,-2.61
burdened,anew,2.5,-1.32,5.63,-2.07
burial,anew,2.05,-1.41,5.08,-2.4
burn,anew,2.73,-1.72,6.22,-1.91
bus,anew,4.51,-1.57,3.55,-1.8
busybody,anew,5.17,-2.02,4.84,-2.41
butter,anew,5.33,-1.2,3.17,-1.84
butterfly,anew,7.17,-1.2,3.47,-2.39
cabinet,anew,5.05,-0.31,3.43,-1.85
cake,anew,7.26,-1.27,5,-2.37
cancer,anew,1.5,-0.85,6.42,-2.83
candy,anew,6.54,-2.09,4.58,-2.4
cane,anew,4,-1.8,4.2,-1.93
cannon,anew,4.9,-2.2,4.71,-2.84
capable,anew,7.16,-1.39,5.08,-2.07
car,anew,7.73,-1.63,6.24,-2.04
carcass,anew,3.34,-1.92,4.83,-2.07
carefree,anew,7.54,-1.38,4.17,-2.84
caress,anew,7.84,-1.16,5.14,-3
cash,anew,8.37,-1,7.37,-2.21
casino,anew,6.81,-1.66,6.51,-2.12
cat,anew,5.72,-2.43,4.38,-2.24
cell,anew,3.82,-1.7,4.08,-2.19
cellar,anew,4.32,-1.68,4.39,-2.33
cemetery,anew,2.63,-1.4,4.82,-2.66
chair,anew,5.08,-0.98,3.15,-1.77
champ,anew,7.18,-1.97,6,-2.43
champion,anew,8.44,-0.9,5.85,-3.15
chance,anew,6.02,-1.77,5.38,-2.58
chaos,anew,4.17,-2.36,6.67,-2.06
charm,anew,6.77,-1.58,5.16,-2.25
cheated,unfortunate,2,0,4,0
cheer,happy,8.1,-1.17,6.12,-2.45
cheer,anew,8.1,-1.17,6.12,-2.45
cheerful,happy,8.1,-1.17,6.12,-2.45
cheery,happy,8.1,-1.17,6.12,-2.45
child,anew,7.08,-1.98,5.55,-2.29
chin,anew,5.29,-1.27,3.31,-1.98
chocolate,anew,6.88,-1.89,5.29,-2.55
christmas,anew,7.8,-1.55,6.27,-2.56
church,anew,6.28,-2.31,4.34,-2.45
circle,anew,5.67,-1.26,3.86,-2.13
circus,anew,7.3,-1.84,5.97,-2.59
city,anew,6.03,-1.37,5.24,-2.53
cliff,anew,4.67,-2.08,6.25,-2.15
clock,anew,5.14,-1.54,4.02,-2.54
clothing,anew,6.54,-1.85,4.78,-2.88
clouds,anew,6.18,-2.18,3.3,-2.08
clumsy,anew,4,-2.22,5.18,-2.4
coarse,anew,4.55,-1.42,4.21,-1.84
coast,anew,5.98,-1.86,4.59,-2.31
cockroach,anew,2.81,-2.11,6.11,-2.78
coffin,anew,2.56,-1.96,5.03,-2.79
coin,anew,6.02,-1.96,4.29,-2.48
cold,mean,4.02,-1.99,5.19,-2.23
cold,anew,4.02,-1.99,5.19,-2.23
color,anew,7.02,-1.57,4.73,-2.64
column,anew,5.17,-0.85,3.62,-1.91
comedy,anew,8.37,-0.94,5.85,-2.81
comfort,calm,7.07,-2.14,3.93,-2.85
comfort,anew,7.07,-2.14,3.93,-2.85
comfortable,calm,7.07,-2.14,3.93,-2.85
computer,anew,6.24,-1.61,4.75,-1.93
concentrate,anew,5.2,-1.28,4.65,-2.13
confidence,confident,7.98,-1.29,6.22,-2.41
confident,confident,7.98,-1.29,6.22,-2.41
confident,anew,7.98,-1.29,6.22,-2.41
confuse,confused,3.21,-1.51,6.03,-1.88
confused,confused,3.21,-1.51,6.03,-1.88
confused,anew,3.21,-1.51,6.03,-1.88
confusing,confused,3.21,-1.51,6.03,-1.88
consoled,calm,5.78,-1.64,4.53,-2.22
consoled,anew,5.78,-1.64,4.53,-2.22
contempt,contempt,3.85,-2.13,5.28,-2.04
contempt,anew,3.85,-2.13,5.28,-2.04
contemptful,contempt,3.85,-2.13,5.28,-2.04
content,content,7.06,-1.42,4.7,-2.54
contents,anew,4.89,-0.89,4.32,-2.14
context,anew,5.2,-1.38,4.22,-2.24
controlling,anew,3.8,-2.25,6.1,-2.19
cook,anew,6.16,-1.89,4.44,-1.96
cord,anew,5.1,-1.09,3.54,-2.09
cork,anew,5.22,-1.13,3.8,-2.18
corner,anew,4.36,-1.21,3.91,-1.92
corpse,anew,2.18,-1.48,4.74,-2.94
corridor,anew,4.88,-1.14,3.63,-2.41
corrupt,anew,3.32,-2.32,4.67,-2.35
cottage,anew,6.45,-1.52,3.39,-2.54
couple,anew,7.41,-1.97,6.39,-2.31
cow,anew,5.57,-1.53,3.49,-2.13
coward,anew,2.74,-1.64,4.07,-2.19
cozy,anew,7.39,-1.53,3.32,-2.28
crappy,unfortunate,2,0,4,0
crash,anew,2.31,-1.44,6.95,-2.44
crime,anew,2.89,-2.06,5.41,-2.69
criminal,anew,2.93,-1.66,4.79,-2.51
crisis,anew,2.74,-2.23,5.44,-3.07
crown,anew,6.58,-1.42,4.28,-2.53
crucify,anew,2.23,-1.72,6.47,-2.47
crude,mean,3.12,-1.65,5.07,-2.37
crude,anew,3.12,-1.65,5.07,-2.37
cruel,mean,1.97,-1.67,5.68,-2.65
cruel,anew,1.97,-1.67,5.68,-2.65
crushed,anew,2.21,-1.74,5.52,-2.87
crutch,anew,3.43,-1.62,4.14,-2.05
cuddle,anew,7.72,-1.92,4.4,-2.67
cuisine,anew,6.64,-1.48,4.39,-1.99
curious,curious,6.08,-1.63,5.82,-1.64
curious,anew,6.08,-1.63,5.82,-1.64
curtains,anew,4.83,-0.83,3.67,-1.83
custom,anew,5.85,-1.53,4.66,-2.12
cut,anew,3.64,-2.08,5,-2.32
cute,anew,7.62,-1.01,5.53,-2.71
cyclone,anew,3.6,-2.38,6.36,-2.89
dagger,anew,3.38,-1.77,6.14,-2.64
damage,anew,3.05,-1.65,5.57,-2.26
dancer,anew,7.14,-1.56,6,-2.2
danger,anew,2.95,-2.22,7.32,-2.07
dark,anew,4.71,-2.36,4.28,-2.21
dawn,anew,6.16,-2.33,4.39,-2.81
daylight,anew,6.8,-2.17,4.77,-2.5
dazzle,anew,7.29,-1.09,6.33,-2.02
dead,anew,1.94,-1.76,5.73,-2.73
death,anew,1.61,-1.4,4.59,-3.07
debt,anew,2.22,-1.17,5.68,-2.74
deceit,anew,2.9,-1.63,5.68,-2.46
decent,content,6.06,-1.42,4.7,-2.54
decompose,anew,3.2,-1.81,4.65,-2.39
decorate,anew,6.93,-1.3,5.14,-2.39
defeat,disappointed,2.34,-1.66,5.09,-3
defeated,disappointed,2.34,-1.66,5.09,-3
defeated,anew,2.34,-1.66,5.09,-3
defiant,violent,4.26,-2.12,6.1,-2.51
defiant,anew,4.26,-2.12,6.1,-2.51
deformed,anew,2.41,-1.66,4.07,-2.34
dejected,neglected,2.63,-1.64,4.83,-2.31
delayed,anew,3.07,-1.74,5.62,-2.39
delight,happy,8.26,-1.04,5.44,-2.88
delight,anew,8.26,-1.04,5.44,-2.88
delighted,happy,8.26,-1.04,5.44,-2.88
delighting,happy,8.26,-1.04,5.44,-2.88
demon,anew,2.11,-1.56,6.76,-2.68
dentist,anew,4.02,-2.23,5.73,-2.13
depress,sad,1.83,-1.42,4.72,-2.95
depressed,sad,1.83,-1.42,4.72,-2.95
depressed,anew,1.83,-1.42,4.72,-2.95
depressing,sad,1.85,-1.67,4.54,-3.19
depression,sad,1.85,-1.67,4.54,-3.19
depression,anew,1.85,-1.67,4.54,-3.19
derelict,anew,4.28,-1.84,4.1,-1.94
deserter,anew,2.45,-1.8,5.5,-2.55
desire,anew,7.69,-1.39,7.35,-1.76
despair,sad,2.43,-1.47,5.68,-2.37
despairing,sad,2.43,-1.47,5.68,-2.37
despairing,anew,2.43,-1.47,5.68,-2.37
despise,anew,2.03,-1.38,6.28,-2.43
destroy,anew,2.64,-2.03,6.83,-2.38
destruction,anew,3.16,-2.44,5.82,-2.71
detach,neglected,3.86,-1.88,4.26,-2.57
detached,neglected,3.86,-1.88,4.26,-2.57
detached,anew,3.86,-1.88,4.26,-2.57
detail,anew,5.55,-1.58,4.1,-2.24
detest,anew,2.17,-1.3,6.06,-2.39
devil,anew,2.21,-1.99,6.07,-2.61
devoted,anew,7.41,-1.37,5.23,-2.21
diamond,anew,7.92,-1.2,5.53,-2.96
dignified,confident,7.1,-1.26,4.12,-2.29
dignified,anew,7.1,-1.26,4.12,-2.29
dignify,confident,7.1,-1.26,4.12,-2.29
dignifying,confident,7.1,-1.26,4.12,-2.29
dinner,anew,7.16,-1.5,5.43,-2.14
diploma,anew,8,-1.39,5.67,-2.8
dirt,anew,4.17,-1.77,3.76,-2.26
dirty,anew,3.08,-2.05,4.88,-2.29
disappoint,disappointed,2.39,-1.44,4.92,-2.64
disappoint,anew,2.39,-1.44,4.92,-2.64
disappointed,disappointed,2.39,-1.44,4.92,-2.64
disappointing,disappointed,2.39,-1.44,4.92,-2.64
disaster,anew,1.73,-1.13,6.33,-2.7
discomfort,unhappy,2.19,-1.23,4.17,-2.44
discomfort,anew,2.19,-1.23,4.17,-2.44
discourage,sad,3,-2.16,4.53,-2.11
discouraged,sad,3,-2.16,4.53,-2.11
discouraged,anew,3,-2.16,4.53,-2.11
discouraging,sad,3,-2.16,4.53,-2.11
disdain,contempt,3.68,-1.9,5.04,-2.14
disdainful,contempt,3.68,-1.9,5.04,-2.14
disdainful,anew,3.68,-1.9,5.04,-2.14
disgust,disgust,2.45,-1.41,5.42,-2.59
disgusted,disgust,2.45,-1.41,5.42,-2.59
disgusted,anew,2.45,-1.41,5.42,-2.59
disgusting,disgust,2.45,-1.41,5.42,-2.59
disloyal,anew,1.93,-1.61,6.56,-2.21
displeased,unhappy,2.79,-2.23,5.64,-2.48
displeased,anew,2.79,-2.23,5.64,-2.48
dissappointed,disappointed,2.37,-1.528,4.988,-2.784
dissatisfied,unhappy,2.39,-1.56,4.66,-2.45
distressed,sad,1.94,-1.1,6.4,-2.38
distressed,anew,1.94,-1.1,6.4,-2.38
distressing,sad,1.94,-1.1,6.4,-2.38
disturb,anew,3.66,-2,5.8,-2.39
diver,anew,6.45,-1.55,5.04,-2.1
divorce,anew,2.22,-1.88,6.33,-2.71
doctor,anew,5.2,-2.54,5.86,-2.7
dog,anew,7.57,-1.66,5.76,-2.5
doll,anew,6.09,-1.96,4.24,-2.43
dollar,anew,7.47,-1.72,6.07,-2.67
door,anew,5.13,-1.44,3.8,-2.29
dove,anew,6.9,-1.54,3.79,-2.28
down,sad,2.13,-1.45,5.07,-2.54
dreadful,sad,2.26,-1.91,5.84,-2.62
dreadful,anew,2.26,-1.91,5.84,-2.62
dreading,sad,2.26,-1.91,5.84,-2.62
dream,anew,6.73,-1.75,4.53,-2.72
dreary,anew,3.05,-1.58,2.98,-2.18
dress,anew,6.41,-1.34,4.05,-1.89
drown,anew,1.92,-1.48,6.57,-2.33
dummy,anew,3.38,-1.7,4.35,-2.25
dump,anew,3.21,-1.87,4.12,-2.36
dustpan,anew,3.98,-1.68,3.43,-2
earth,anew,7.15,-1.67,4.24,-2.49
easy,anew,7.1,-1.91,4.48,-2.82
easygoing,lively,7.2,-1.5,4.3,-2.52
easygoing,anew,7.2,-1.5,4.3,-2.52
eat,anew,7.47,-1.73,5.69,-2.51
ecstasy,anew,7.98,-1.52,7.38,-1.92
ecstatic,excited,8.66,-1.64,6.92,-2.3
education,anew,6.69,-1.77,5.74,-2.46
egg,anew,5.29,-1.82,3.76,-2.39
elate,excited,7.45,-1.77,6.21,-2.3
elated,excited,7.45,-1.77,6.21,-2.3
elated,anew,7.45,-1.77,6.21,-2.3
elbow,anew,5.12,-0.92,3.81,-2.14
elegant,anew,7.43,-1.26,4.53,-2.65
elevator,anew,5.44,-1.18,4.16,-1.99
embarrass,ashamed,3.03,-1.85,5.87,-2.55
embarrassed,ashamed,3.03,-1.85,5.87,-2.55
embarrassed,anew,3.03,-1.85,5.87,-2.55
embarrassing,ashamed,3.03,-1.85,5.87,-2.55
embattled,anew,4.39,-1.63,5.36,-2.37
employment,anew,6.47,-1.81,5.28,-2.12
engage,involved,8,-1.38,6.77,-2.07
engaged,involved,8,-1.38,6.77,-2.07
engaged,anew,8,-1.38,6.77,-2.07
engaging,involved,8,-1.38,6.77,-2.07
engine,anew,5.2,-1.18,3.98,-2.33
enjoy,happy,7.8,-1.2,5.2,-2.72
enjoying,happy,7.8,-1.2,5.2,-2.72
enjoyment,happy,7.8,-1.2,5.2,-2.72
enjoyment,anew,7.8,-1.2,5.2,-2.72
ennui,indifferent,5.09,-1.76,4.4,-2.33
ennui,anew,5.09,-1.76,4.4,-2.33
enrage,angry,2.46,-1.65,7.97,-2.17
enraged,angry,2.46,-1.65,7.97,-2.17
enraged,anew,2.46,-1.65,7.97,-2.17
enraging,angry,2.46,-1.65,7.97,-2.17
erotic,erotic,7.43,-1.53,7.24,-1.97
erotic,anew,7.43,-1.53,7.24,-1.97
errand,anew,4.58,-1.74,3.85,-1.92
event,anew,6.21,-1.63,5.1,-2.4
evil,anew,3.23,-2.64,6.39,-2.44
excellence,anew,8.38,-0.96,5.54,-2.67
excellent,great,9,0,6,0
excited,excited,7.5,-2.2,7.67,-1.91
excitement,excited,7.5,-2.2,7.67,-1.91
excitement,anew,7.5,-2.2,7.67,-1.91
exciting,excited,7.5,-2.2,7.67,-1.91
excuse,anew,4.05,-1.41,4.48,-2.29
execution,anew,2.37,-2.06,5.71,-2.74
exercise,anew,7.13,-1.58,6.84,-2.06
fabric,anew,5.3,-1.2,4.14,-1.98
face,anew,6.39,-1.6,5.04,-2.18
failure,anew,1.7,-1.07,4.95,-2.81
fall,anew,4.09,-2.21,4.7,-2.48
fame,anew,7.93,-1.29,6.55,-2.46
family,anew,7.65,-1.55,4.8,-2.71
famous,anew,6.98,-2.07,5.73,-2.68
fantasy,anew,7.41,-1.9,5.14,-2.82
farm,anew,5.53,-1.85,3.9,-1.95
fascinate,curious,7.34,-1.68,5.83,-2.73
fascinate,anew,7.34,-1.68,5.83,-2.73
fascinated,curious,7.34,-1.68,5.83,-2.73
fat,anew,2.28,-1.92,4.81,-2.8
father,anew,7.08,-2.2,5.92,-2.6
fatigued,tired,3.28,-1.43,2.64,-2.19
fatigued,anew,3.28,-1.43,2.64,-2.19
fault,anew,3.43,-1.38,4.07,-1.69
favor,anew,6.46,-1.52,4.54,-1.86
fear,anew,2.76,-2.12,6.96,-2.17
feared,scared,2.25,-1.18,6.33,-2.28
fearful,scared,2.25,-1.18,6.33,-2.28
fearful,anew,2.25,-1.18,6.33,-2.28
feeble,anew,3.26,-1.47,4.1,-2.07
festive,anew,7.3,-2.26,6.58,-2.29
fever,anew,2.76,-1.64,4.29,-2.31
field,anew,6.2,-1.37,4.08,-2.41
fight,anew,3.76,-2.63,7.15,-2.19
filth,anew,2.47,-1.68,5.12,-2.32
finger,anew,5.29,-1.42,3.78,-2.42
fire,anew,3.22,-2.06,7.17,-2.06
fireworks,anew,7.55,-1.5,6.67,-2.12
fish,anew,6.04,-1.94,4,-2.19
flabby,anew,2.66,-1.87,4.82,-2.81
flag,anew,6.02,-1.66,4.6,-2.35
flirt,anew,7.52,-1.19,6.91,-1.69
flood,anew,3.19,-1.66,6,-2.02
flower,anew,6.64,-1.78,4,-2.44
foam,anew,6.07,-2.03,5.26,-2.54
food,anew,7.65,-1.37,5.92,-2.11
foot,anew,5.02,-0.93,3.27,-1.98
fork,anew,5.29,-0.97,3.96,-1.94
foul,unhappy,2.81,-1.52,4.93,-2.23
foul,anew,2.81,-1.52,4.93,-2.23
fragrance,anew,6.07,-1.97,4.79,-2.54
fraud,anew,2.67,-1.66,5.75,-2.45
free,anew,8.26,-1.31,5.15,-3.04
freedom,anew,7.58,-2.04,5.52,-2.72
friend,anew,7.74,-1.24,5.74,-2.57
friendly,anew,8.43,-1.08,5.11,-2.96
frigid,anew,3.5,-1.85,4.75,-2.56
frog,anew,5.71,-1.74,4.54,-2.03
frustrate,annoying,2.48,-1.64,5.61,-2.76
frustrated,annoying,2.48,-1.64,5.61,-2.76
frustrated,anew,2.48,-1.64,5.61,-2.76
frustrating,annoying,2.48,-1.64,5.61,-2.76
fun,anew,8.37,-1.11,7.22,-2.01
funeral,anew,1.39,-0.87,4.94,-3.21
fungus,anew,3.06,-1.75,4.68,-2.33
fur,anew,4.51,-1.88,4.18,-2.44
game,anew,6.98,-1.97,5.89,-2.37
gangrene,anew,2.28,-1.91,5.7,-2.96
garbage,anew,2.98,-1.96,5.04,-2.5
garden,anew,6.71,-1.74,4.39,-2.35
garment,anew,6.07,-1.61,4.49,-2.5
garter,anew,6.22,-1.59,5.47,-2.15
gender,anew,5.73,-1.55,4.38,-2.13
gentle,anew,7.31,-1.3,3.21,-2.57
germs,anew,2.86,-1.39,4.49,-2.24
gift,anew,7.77,-2.24,6.14,-2.76
girl,anew,6.87,-1.64,4.29,-2.69
glacier,anew,5.5,-1.25,4.24,-2.29
glad,fortunate,7.09,-2,5.16,-2.62
glamour,anew,6.76,-1.6,4.68,-2.23
glass,anew,4.75,-1.38,4.27,-2.07
gloom,anew,1.88,-1.23,3.83,-2.33
glory,anew,7.55,-1.68,6.02,-2.71
god,anew,8.15,-1.27,5.95,-2.84
gold,anew,7.54,-1.63,5.76,-2.79
golfer,anew,5.61,-1.93,3.73,-2.26
good,happy,7.47,-1.45,5.43,-2.85
good,anew,7.47,-1.45,5.43,-2.85
gossip,anew,3.48,-2.33,5.74,-2.38
graduate,anew,8.19,-1.13,7.25,-2.25
grass,anew,6.12,-1.44,4.14,-2.11
grateful,fortunate,7.37,-0.97,4.58,-2.14
grateful,anew,7.37,-0.97,4.58,-2.14
great,great,8.5,0,8.5,0
greed,anew,3.51,-1.93,4.71,-2.26
green,anew,6.18,-2.05,4.28,-2.46
greet,anew,7,-1.52,5.27,-2.31
grenade,anew,3.6,-1.88,5.7,-2.52
grief,sad,1.69,-1.04,4.78,-2.84
grief,anew,1.69,-1.04,4.78,-2.84
grime,anew,3.37,-1.34,3.98,-2.29
grin,anew,7.4,-1.87,5.27,-2.64
gripe,anew,3.14,-1.56,5,-2.19
guillotine,anew,2.48,-2.11,6.56,-2.54
guilty,ashamed,2.63,-1.98,6.04,-2.76
guilty,anew,2.63,-1.98,6.04,-2.76
gun,anew,3.47,-2.48,7.02,-1.84
gymnast,anew,6.35,-1.79,5.02,-2.2
habit,anew,4.11,-1.77,3.95,-2.11
hairdryer,anew,4.84,-0.84,3.71,-1.75
hairpin,anew,5.26,-1.45,3.27,-2.41
hamburger,anew,6.27,-1.5,4.55,-2.14
hammer,anew,4.88,-1.16,4.58,-2.02
hand,anew,5.95,-1.38,4.4,-2.07
handicap,anew,3.29,-1.69,3.81,-2.27
handsome,anew,7.93,-1.47,5.95,-2.73
haphazard,anew,4.02,-1.41,4.07,-2.18
happiness,happy,8.21,-1.82,6.49,-2.77
happy,happy,8.21,-1.82,6.49,-2.77
happy,anew,8.21,-1.82,6.49,-2.77
hard,anew,5.22,-1.82,5.12,-2.19
hardship,anew,2.45,-1.61,4.76,-2.55
hat,anew,5.46,-1.36,4.1,-2
hate,hate,2.12,-1.72,6.95,-2.56
hate,anew,2.12,-1.72,6.95,-2.56
hated,hate,2.12,-1.72,6.95,-2.56
hateful,hate,2.12,-1.72,6.95,-2.56
hating,hate,1.98,-1.92,6.66,-2.56
hatred,hate,1.98,-1.92,6.66,-2.56
hatred,anew,1.98,-1.92,6.66,-2.56
hawk,anew,5.88,-1.62,4.39,-2.29
hay,anew,5.24,-1.24,3.95,-2.58
headache,anew,2.02,-1.06,5.07,-2.74
headlight,anew,5.24,-1.51,3.81,-2.22
heal,anew,7.09,-1.46,4.77,-2.23
health,anew,6.81,-1.88,5.13,-2.35
heart,anew,7.39,-1.53,6.34,-2.25
heaven,anew,7.3,-2.39,5.61,-3.2
hell,anew,2.24,-1.62,5.38,-2.62
helpless,helpless,2.2,-1.42,5.34,-2.52
helpless,anew,2.2,-1.42,5.34,-2.52
heroin,anew,4.36,-2.73,5.11,-2.72
hide,anew,4.32,-1.91,5.28,-2.51
highway,anew,5.92,-1.72,5.16,-2.44
hinder,anew,3.81,-1.42,4.12,-2.01
history,anew,5.24,-2.01,3.93,-2.29
hit,anew,4.33,-2.35,5.73,-2.09
holiday,anew,7.55,-2.14,6.59,-2.73
home,anew,7.91,-1.63,4.21,-2.94
honest,anew,7.7,-1.43,5.32,-1.92
honey,anew,6.73,-1.7,4.51,-2.25
honor,anew,7.66,-1.24,5.9,-1.83
hooker,anew,3.34,-2.31,4.93,-2.82
hope,inspired,7.05,-1.96,5.44,-2.47
hope,anew,7.05,-1.96,5.44,-2.47
hopeful,inspired,7.1,-1.46,5.78,-2.09
hopeful,anew,7.1,-1.46,5.78,-2.09
hoping,inspired,7.1,-1.46,5.78,-2.09
horror,anew,2.76,-2.25,7.21,-2.14
horse,anew,5.89,-1.55,3.89,-2.17
hospital,anew,5.04,-2.45,5.98,-2.54
hostage,anew,2.2,-1.8,6.76,-2.63
hostile,anew,2.73,-1.5,6.44,-2.28
hotel,anew,6,-1.77,4.8,-2.53
house,anew,7.26,-1.72,4.56,-2.41
hug,anew,8,-1.55,5.35,-2.76
humane,anew,6.89,-1.7,4.5,-1.91
humble,anew,5.86,-1.42,3.74,-2.33
humiliate,ashamed,2.24,-1.34,6.14,-2.42
humiliate,anew,2.24,-1.34,6.14,-2.42
humiliated,ashamed,2.24,-1.34,6.14,-2.42
humiliating,ashamed,2.24,-1.34,6.14,-2.42
humor,anew,8.56,-0.81,5.5,-2.91
hungry,anew,3.58,-2.01,5.13,-2.44
hurricane,anew,3.34,-2.12,6.83,-2.06
hurt,anew,1.9,-1.26,5.85,-2.49
hydrant,anew,5.02,-0.93,3.71,-1.75
icebox,anew,4.95,-1,4.17,-2.11
idea,anew,7,-1.34,5.86,-1.81
identity,anew,6.57,-1.99,4.95,-2.24
idiot,anew,3.16,-1.91,4.21,-2.47
idol,anew,6.12,-1.86,4.95,-2.14
ignorance,anew,3.07,-2.25,4.39,-2.49
illness,anew,2.48,-1.4,4.71,-2.24
imagine,anew,7.32,-1.52,5.98,-2.14
immature,anew,3.39,-1.7,4.15,-1.96
immoral,anew,3.5,-2.16,4.98,-2.48
impair,anew,3.18,-1.86,4.04,-2.14
impotent,anew,2.81,-1.92,4.57,-2.59
impress,impressed,7.33,-1.84,5.42,-2.65
impressed,impressed,7.33,-1.84,5.42,-2.65
impressed,anew,7.33,-1.84,5.42,-2.65
impressing,impressed,7.33,-1.84,5.42,-2.65
improve,anew,7.65,-1.16,5.69,-2.15
incentive,anew,7,-1.72,5.69,-2.45
indifferent,indifferent,4.61,-1.28,3.18,-1.85
indifferent,anew,4.61,-1.28,3.18,-1.85
industry,anew,5.3,-1.61,4.47,-2.43
infant,anew,6.95,-2.08,5.05,-2.66
infatuation,anew,6.73,-2.08,7.02,-1.87
infection,anew,1.66,-1.34,5.03,-2.77
inferior,anew,3.07,-1.57,3.83,-2.05
inhabitant,anew,5.05,-1.34,3.95,-1.97
injury,anew,2.49,-1.76,5.69,-2.06
ink,anew,5.05,-0.81,3.84,-1.88
innocent,anew,6.51,-1.34,4.21,-1.99
insane,violent,2.85,-1.94,5.83,-2.45
insane,anew,2.85,-1.94,5.83,-2.45
insect,anew,4.07,-2.16,4.07,-2.46
insecure,ashamed,2.36,-1.33,5.56,-2.34
insecure,anew,2.36,-1.33,5.56,-2.34
insolent,annoying,4.35,-1.76,5.38,-2.37
insolent,anew,4.35,-1.76,5.38,-2.37
inspire,inspired,6.97,-1.91,5,-2.53
inspire,anew,6.97,-1.91,5,-2.53
inspired,inspired,7.15,-1.85,6.02,-2.67
inspired,anew,7.15,-1.85,6.02,-2.67
insult,annoying,2.29,-1.33,6,-2.46
insult,anew,2.29,-1.33,6,-2.46
insulted,annoying,2.29,-1.33,6,-2.46
intellect,anew,6.82,-1.96,4.75,-2.5
intercourse,anew,7.36,-1.57,7,-2.07
interest,anew,6.97,-1.53,5.66,-2.26
intimate,anew,7.61,-1.51,6.98,-2.21
intruder,anew,2.77,-2.32,6.86,-2.41
invader,anew,3.05,-2.01,5.5,-2.4
invest,anew,5.93,-2.1,5.12,-2.42
iron,anew,4.9,-1.02,3.76,-2.06
irritate,annoying,3.11,-1.67,5.76,-2.15
irritate,anew,3.11,-1.67,5.76,-2.15
irritated,annoying,3.11,-1.67,5.76,-2.15
irritating,annoying,3.11,-1.67,5.76,-2.15
item,anew,5.26,-0.86,3.24,-2.08
jail,anew,1.95,-1.27,5.49,-2.67
jealous,jealous,2.51,-1.83,6.36,-2.66
jealousy,jealous,2.51,-1.83,6.36,-2.66
jealousy,anew,2.51,-1.83,6.36,-2.66
jelly,anew,5.66,-1.44,3.7,-2.29
jewel,anew,7,-1.72,5.38,-2.54
jipped,unfortunate,2,0,4,0
joke,anew,8.1,-1.36,6.74,-1.84
jolly,happy,7.41,-1.92,5.57,-2.8
jolly,anew,7.41,-1.92,5.57,-2.8
journal,anew,5.14,-1.49,4.05,-1.96
joy,happy,8.6,-0.71,7.22,-2.13
joy,anew,8.6,-0.71,7.22,-2.13
joyful,happy,8.22,-1.22,5.98,-2.54
joyful,anew,8.22,-1.22,5.98,-2.54
joyous,happy,8.6,-0.71,7.22,-2.13
jug,anew,5.24,-1.65,3.88,-2.15
jumping,excited,8.66,-1.64,6.92,-2.3
justice,anew,7.78,-1.35,5.47,-2.54
kerchief,anew,5.11,-1.33,3.43,-2.08
kerosene,anew,4.8,-1.59,4.34,-2.51
ketchup,anew,5.6,-1.35,4.09,-2.08
kettle,anew,5.22,-0.91,3.22,-2.23
key,anew,5.68,-1.62,3.7,-2.18
kick,anew,4.31,-2.18,4.9,-2.35
kids,anew,6.91,-1.99,5.27,-2.36
killer,anew,1.89,-1.39,7.86,-1.89
kind,anew,7.59,-1.67,4.46,-2.55
kindness,anew,7.82,-1.39,4.3,-2.62
king,anew,7.26,-1.67,5.51,-2.77
kiss,anew,8.26,-1.54,7.32,-2.03
kitten,anew,6.86,-2.13,5.08,-2.45
knife,anew,3.62,-2.18,5.8,-2
knot,anew,4.64,-1.36,4.07,-2.15
knowledge,anew,7.58,-1.32,5.92,-2.32
lake,anew,6.82,-1.54,3.95,-2.44
lamb,anew,5.89,-1.73,3.36,-2.18
lamp,anew,5.41,-1,3.8,-2.12
lantern,anew,5.57,-1.19,4.05,-2.28
laughter,anew,8.45,-1.08,6.75,-2.5
lavish,anew,6.21,-2.03,4.93,-2.4
lawn,anew,5.24,-0.86,4,-1.79
lawsuit,anew,3.37,-2,4.93,-2.44
lazy,anew,4.38,-2.02,2.65,-2.06
leader,anew,7.63,-1.59,6.27,-2.18
learn,anew,7.15,-1.49,5.39,-2.22
legend,anew,6.39,-1.34,4.88,-1.76
leisurely,anew,6.88,-1.81,3.8,-2.38
leprosy,anew,2.09,-1.4,6.29,-2.23
lesbian,anew,4.67,-2.45,5.12,-2.27
letter,anew,6.61,-1.59,4.9,-2.37
liberty,anew,7.98,-1.22,5.6,-2.65
lice,anew,2.31,-1.78,5,-2.26
lie,anew,2.79,-1.92,5.96,-2.63
life,anew,7.27,-1.88,6.02,-2.62
lightbulb,anew,5.61,-1.28,4.1,-2.02
lighthouse,anew,5.89,-2.08,4.41,-2.44
lightning,anew,4.57,-2.66,6.61,-1.77
limber,anew,5.68,-1.49,4.57,-2.26
lion,anew,5.57,-1.99,6.2,-2.16
listless,anew,4.12,-1.73,4.1,-2.31
lively,lively,7.2,-1.97,5.53,-2.9
lively,anew,7.2,-1.97,5.53,-2.9
locker,anew,5.19,-1.31,3.38,-2.13
loneliness,lonely,1.61,-1.02,4.56,-2.97
loneliness,anew,1.61,-1.02,4.56,-2.97
lonely,lonely,2.17,-1.76,4.51,-2.68
lonely,anew,2.17,-1.76,4.51,-2.68
loser,anew,2.25,-1.48,4.95,-2.57
lost,anew,2.82,-1.83,5.82,-2.62
lottery,anew,6.57,-2.04,5.36,-2.45
louse,anew,2.81,-1.92,4.98,-2.03
love,love,8.72,-0.7,6.44,-3.35
love,anew,8.72,-0.7,6.44,-3.35
loved,love,8.64,-0.71,6.38,-2.68
loved,anew,8.64,-0.71,6.38,-2.68
lovely,love,8.68,-0.71,6.41,-3.015
loving,love,8.68,-0.71,6.41,-3.015
loyal,anew,7.55,-1.9,5.16,-2.42
lucky,fortunate,8.17,-1.06,6.53,-2.34
lucky,anew,8.17,-1.06,6.53,-2.34
lump,anew,4.16,-2.34,4.8,-2.82
luscious,anew,7.5,-1.08,5.34,-2.51
lust,anew,7.12,-1.62,6.88,-1.85
luxury,anew,7.88,-1.49,4.75,-2.91
machine,anew,5.09,-1.67,3.82,-2.4
mad,angry,2.44,-1.72,6.76,-2.26
mad,anew,2.44,-1.72,6.76,-2.26
madman,anew,3.91,-2.49,5.56,-2.78
maggot,anew,2.06,-1.47,5.28,-2.96
magical,anew,7.46,-1.64,5.95,-2.36
mail,anew,6.88,-1.74,5.63,-2.36
malaria,anew,2.4,-1.38,4.4,-2.54
malice,anew,2.69,-1.84,5.86,-2.75
man,anew,6.73,-1.7,5.24,-2.31
mangle,anew,3.9,-2.01,5.44,-2.1
maniac,anew,3.76,-2,5.39,-2.46
manner,anew,5.64,-1.34,4.56,-1.78
mantel,anew,4.93,-1.4,3.27,-2.23
manure,anew,3.1,-1.74,4.17,-2.09
market,anew,5.66,-1.02,4.12,-1.83
massacre,anew,2.28,-1.74,5.33,-2.63
masterful,anew,7.09,-1.78,5.2,-2.85
masturbate,anew,5.45,-2.02,5.67,-2.18
material,anew,5.26,-1.29,4.05,-2.34
measles,anew,2.74,-1.97,5.06,-2.44
medicine,anew,5.67,-2.06,4.4,-2.36
meek,anew,3.87,-1.69,3.8,-2.13
melody,anew,7.07,-1.79,4.98,-2.52
memories,anew,7.48,-1.61,6.1,-2.1
memory,anew,6.62,-1.5,5.42,-2.25
menace,anew,2.88,-1.64,5.52,-2.45
merriment,happy,7.9,-1.49,5.9,-2.42
merry,happy,7.9,-1.49,5.9,-2.42
merry,anew,7.9,-1.49,5.9,-2.42
messy,anew,3.15,-1.73,3.34,-2.37
metal,anew,4.95,-1.17,3.79,-1.96
method,anew,5.56,-1.76,3.85,-2.58
mighty,anew,6.54,-2.19,5.61,-2.38
mildew,anew,3.17,-1.36,4.08,-1.79
milk,anew,5.95,-2.16,3.68,-2.57
millionaire,anew,8.03,-1.42,6.14,-2.7
mind,anew,6.68,-1.84,5,-2.68
miracle,anew,8.6,-0.71,7.65,-1.67
mischief,anew,5.57,-2.05,5.76,-1.95
misery,sad,1.93,-1.6,5.17,-2.69
misery,anew,1.93,-1.6,5.17,-2.69
mistake,anew,2.86,-1.79,5.18,-2.42
mobility,anew,6.83,-1.79,5,-2.18
modest,anew,5.76,-1.28,3.98,-2.24
mold,anew,3.55,-1.7,4.07,-1.98
moment,anew,5.76,-1.65,3.83,-2.29
money,anew,7.59,-1.4,5.7,-2.66
month,anew,5.15,-1.09,4.03,-1.77
moody,anew,3.2,-1.58,4.18,-2.38
moral,anew,6.2,-1.85,4.49,-2.28
morbid,anew,2.87,-2.14,5.06,-2.68
morgue,anew,1.92,-1.32,4.84,-2.96
mosquito,anew,2.8,-1.91,4.78,-2.72
mother,anew,8.39,-1.15,6.13,-2.71
mountain,anew,6.59,-1.66,5.49,-2.43
movie,anew,6.86,-1.81,4.93,-2.54
mucus,anew,3.34,-2.29,3.41,-2.17
muddy,anew,4.44,-2.07,4.13,-2.13
muffin,anew,6.57,-2.04,4.76,-2.42
murderer,anew,1.53,-0.96,7.47,-2.18
muscular,anew,6.82,-1.63,5.47,-2.2
museum,anew,5.54,-1.86,3.6,-2.13
mushroom,anew,5.78,-2.22,4.72,-2.33
music,anew,8.13,-1.09,5.32,-3.19
mutation,anew,3.91,-2.44,4.84,-2.52
mutilate,anew,1.82,-1.45,6.41,-2.94
mystic,anew,6,-2.21,4.84,-2.57
naked,anew,6.34,-2.42,5.8,-2.8
name,anew,5.55,-2.24,4.25,-2.47
narcotic,anew,4.29,-2.3,4.93,-2.57
nasty,mean,3.58,-2.38,4.89,-2.5
nasty,anew,3.58,-2.38,4.89,-2.5
natural,anew,6.59,-1.57,4.09,-2.37
nature,anew,7.65,-1.37,4.37,-2.51
nectar,anew,6.9,-1.53,3.89,-2.48
needle,anew,3.82,-1.73,5.36,-2.89
neglect,neglected,2.63,-1.64,4.83,-2.31
neglect,anew,2.63,-1.64,4.83,-2.31
neglected,neglected,2.63,-1.64,4.83,-2.31
nervous,nervous,3.29,-1.47,6.59,-2.07
nervous,anew,3.29,-1.47,6.59,-2.07
neurotic,anew,4.45,-2.23,5.13,-2.76
neutral,content,5,-1.42,4.7,-2.54
neutralgood,content,6.06,-1.42,4.7,-2.54
news,anew,5.3,-1.67,5.17,-2.11
nice,anew,6.55,-2.44,4.38,-2.69
nightmare,anew,1.91,-1.54,7.59,-2.23
nipple,anew,6.27,-1.81,5.56,-2.55
noisy,anew,5.02,-2.02,6.38,-1.78
nonchalant,indifferent,4.74,-1.11,3.12,-1.93
nonchalant,anew,4.74,-1.11,3.12,-1.93
nonsense,anew,4.61,-1.63,4.17,-2.02
noose,anew,3.76,-1.64,4.39,-2.08
nourish,anew,6.46,-1.69,4.29,-2.51
nude,anew,6.82,-1.63,6.41,-2.09
nuisance,anew,3.27,-1.86,4.49,-2.69
nun,anew,4.93,-1.89,2.93,-1.8
nurse,anew,6.08,-2.08,4.84,-2.04
nursery,anew,5.73,-2.3,4.04,-2.74
obesity,anew,2.73,-1.85,3.87,-2.82
obey,anew,4.52,-1.88,4.23,-1.72
obnoxious,annoying,3.5,-2.18,4.74,-2.42
obnoxious,anew,3.5,-2.18,4.74,-2.42
obscene,anew,4.23,-2.3,5.04,-2.3
obsession,anew,4.52,-2.13,6.41,-2.13
ocean,anew,7.12,-1.72,4.95,-2.79
odd,anew,4.82,-2.04,4.27,-2.46
offend,anew,2.76,-1.5,5.56,-2.06
office,anew,5.24,-1.59,4.08,-1.92
ok,content,6.06,-1.42,4.7,-2.54
okay,content,6.06,-1.42,4.7,-2.54
opinion,anew,6.28,-1.45,4.89,-2.46
optimism,anew,6.95,-2.24,5.34,-2.58
option,anew,6.49,-1.31,4.74,-2.23
orchestra,anew,6.02,-1.89,3.52,-2.29
orgasm,anew,8.32,-1.31,8.1,-1.45
outdoors,anew,7.47,-1.8,5.92,-2.55
outrage,angry,3.52,-2.12,6.83,-2.26
outrage,anew,3.52,-2.12,6.83,-2.26
outraged,angry,3.52,-2.12,6.83,-2.26
outraging,angry,3.52,-2.12,6.83,-2.26
outstanding,happy,7.75,-1.75,6.24,-2.59
outstanding,anew,7.75,-1.75,6.24,-2.59
overcast,anew,3.65,-1.61,3.46,-1.92
overjoyed,excited,8.66,-1.64,6.92,-2.3
overwhelmed,excited,4.19,-2.61,7,-2.37
overwhelmed,anew,4.19,-2.61,7,-2.37
owl,anew,5.8,-1.31,3.98,-1.87
pain,anew,2.13,-1.81,6.5,-2.49
paint,anew,5.62,-1.72,4.1,-2.36
palace,anew,7.19,-1.78,5.1,-2.75
pamphlet,anew,4.79,-1.05,3.62,-2.02
pancakes,anew,6.08,-1.83,4.06,-2.13
panic,anew,3.12,-1.84,7.02,-2.02
paper,anew,5.2,-1.21,2.5,-1.85
paradise,anew,8.72,-0.6,5.12,-3.38
paralysis,anew,1.98,-1.44,4.73,-2.83
part,anew,5.11,-1.78,3.82,-2.24
party,anew,7.86,-1.83,6.69,-2.84
passage,anew,5.28,-1.44,4.36,-2.13
passion,anew,8.03,-1.27,7.26,-2.57
pasta,anew,6.69,-1.64,4.94,-2.04
patent,anew,5.29,-1.08,3.5,-1.84
patient,content,5.29,-1.89,4.21,-2.37
patient,anew,5.29,-1.89,4.21,-2.37
patriot,anew,6.71,-1.69,5.17,-2.53
peace,anew,7.72,-1.75,2.95,-2.55
penalty,anew,2.83,-1.56,5.1,-2.31
pencil,anew,5.22,-0.68,3.14,-1.9
penis,anew,5.9,-1.72,5.54,-2.63
penthouse,anew,6.81,-1.64,5.52,-2.49
people,anew,7.33,-1.7,5.94,-2.09
perfection,anew,7.25,-2.05,5.95,-2.73
perfume,anew,6.76,-1.48,5.05,-2.36
person,anew,6.32,-1.74,4.19,-2.45
pervert,anew,2.79,-2.12,6.26,-2.61
pest,anew,3.13,-1.82,5.62,-2.15
pet,anew,6.79,-2.32,5.1,-2.59
phase,anew,5.17,-0.79,3.98,-1.82
pie,anew,6.41,-1.89,4.2,-2.4
pig,anew,5.07,-1.97,4.2,-2.42
pillow,anew,7.92,-1.4,2.97,-2.52
pinch,anew,3.83,-1.7,4.59,-2.1
pistol,anew,4.2,-2.58,6.15,-2.19
pity,anew,3.37,-1.57,3.72,-2.02
pizza,anew,6.65,-2.23,5.24,-2.09
plain,anew,4.39,-1.46,3.52,-2.05
plane,anew,6.43,-1.98,6.14,-2.39
plant,anew,5.98,-1.83,3.62,-2.25
pleased,happy,8.01,-1.32,5.97,-2.55
pleasure,anew,8.28,-0.92,5.74,-2.81
poetry,anew,5.86,-1.91,4,-2.85
poison,anew,1.98,-1.44,6.05,-2.82
politeness,anew,7.18,-1.5,3.74,-2.37
pollute,anew,1.85,-1.11,6.08,-2.42
positive,happy,8,-1.32,5.97,-2.55
poster,anew,5.34,-1.75,3.93,-2.56
poverty,anew,1.67,-0.9,4.87,-2.66
power,anew,6.54,-2.21,6.67,-1.87
powerful,anew,6.84,-1.8,5.83,-2.69
prairie,anew,5.75,-1.43,3.41,-2.17
present,anew,6.95,-1.85,5.12,-2.39
pressure,anew,3.38,-1.61,6.07,-2.26
prestige,anew,7.26,-1.9,5.86,-2.08
pretty,anew,7.75,-1.26,6.03,-2.22
prick,anew,3.98,-1.73,4.7,-2.59
pride,confident,7,-2.11,5.83,-2.48
pride,anew,7,-2.11,5.83,-2.48
prideful,confident,7,-2.11,5.83,-2.48
priest,anew,6.42,-2,4.41,-2.71
prison,anew,2.05,-1.34,5.7,-2.56
privacy,anew,5.88,-1.5,4.12,-1.83
profit,anew,7.63,-1.3,6.68,-1.78
progress,anew,7.73,-1.34,6.02,-2.58
promotion,anew,8.2,-1.15,6.44,-2.58
protected,safe,7.29,-1.79,4.09,-2.77
protected,anew,7.29,-1.79,4.09,-2.77
proud,confident,8.03,-1.56,5.56,-3.01
proud,anew,8.03,-1.56,5.56,-3.01
pungent,anew,3.95,-2.09,4.24,-2.17
punishment,anew,2.22,-1.41,5.93,-2.4
puppy,anew,7.56,-1.9,5.85,-2.78
pus,anew,2.86,-1.91,4.82,-2.06
putrid,anew,2.38,-1.71,5.74,-2.26
python,anew,4.05,-2.48,6.18,-2.25
quality,anew,6.25,-1.59,4.48,-2.12
quarrel,anew,2.93,-2.06,6.29,-2.56
quart,anew,5.39,-2.01,3.59,-2.51
queen,anew,6.44,-1.43,4.76,-2.18
quick,anew,6.64,-1.61,6.57,-1.78
quiet,anew,5.58,-1.83,2.82,-2.13
rabbit,anew,6.57,-1.92,4.02,-2.19
rabies,anew,1.77,-0.97,6.1,-2.62
radiant,anew,6.73,-2.17,5.39,-2.82
radiator,anew,4.67,-1.05,4.02,-1.94
radio,anew,6.73,-1.47,4.78,-2.82
rage,angry,2.41,-1.86,8.17,-1.4
rage,anew,2.41,-1.86,8.17,-1.4
raging,angry,2.41,-1.86,8.17,-1.4
rain,anew,5.08,-2.51,3.65,-2.35
rainbow,anew,8.14,-1.23,4.64,-2.88
rancid,anew,4.34,-2.28,5.04,-2.27
rape,anew,1.25,-0.91,6.81,-3.17
rat,anew,3.02,-1.66,4.95,-2.36
rattle,anew,5.03,-1.23,4.36,-2.18
razor,anew,4.81,-2.16,5.36,-2.44
red,anew,6.41,-1.61,5.29,-2.04
refreshment,anew,7.44,-1.29,4.45,-2.7
regretful,regret,2.28,-1.42,5.74,-2.32
regretful,anew,2.28,-1.42,5.74,-2.32
regreting,regret,2.28,-1.42,5.74,-2.32
rejected,neglected,1.5,-1.09,6.37,-2.56
rejected,anew,1.5,-1.09,6.37,-2.56
rejecting,neglected,1.5,-1.09,6.37,-2.56
relaxed,calm,7,-1.77,2.39,-2.13
relaxed,anew,7,-1.77,2.39,-2.13
relaxing,calm,7,-1.77,2.39,-2.13
relief,fortunate,7.09,-2,5.16,-2.62
relieved,fortunate,7.09,-2,5.16,-2.62
repentant,anew,5.53,-1.86,4.69,-1.98
reptile,anew,4.77,-2,5.18,-2.19
rescue,anew,7.7,-1.24,6.53,-2.56
resent,angry,3.76,-1.9,4.47,-2.12
resent,anew,3.76,-1.9,4.47,-2.12
resentful,angry,3.76,-1.9,4.47,-2.12
resenting,angry,3.76,-1.9,4.47,-2.12
reserved,shy,4.88,-1.83,3.27,-2.05
reserved,anew,4.88,-1.83,3.27,-2.05
respect,respect,7.64,-1.29,5.19,-2.39
respect,anew,7.64,-1.29,5.19,-2.39
respectful,respect,7.22,-1.27,4.6,-2.67
respectful,anew,7.22,-1.27,4.6,-2.67
restaurant,anew,6.76,-1.85,5.41,-2.55
reunion,anew,6.48,-2.45,6.34,-2.35
reverent,anew,5.35,-1.21,4,-1.6
revolt,anew,4.13,-1.78,6.56,-2.34
revolver,anew,4.02,-2.44,5.55,-2.39
reward,rewarded,7.53,-1.67,4.95,-2.62
reward,anew,7.53,-1.67,4.95,-2.62
rewarded,rewarded,7.53,-1.67,4.95,-2.62
riches,anew,7.7,-1.95,6.17,-2.7
ridicule,anew,3.13,-2.24,5.83,-2.73
rifle,anew,4.02,-2.76,6.35,-2.04
rigid,anew,3.66,-2.12,4.66,-2.47
riot,anew,2.96,-1.93,6.39,-2.63
river,anew,6.85,-1.69,4.51,-2.42
roach,anew,2.35,-1.7,6.64,-2.64
robber,anew,2.61,-1.69,5.62,-2.72
rock,anew,5.56,-1.38,4.52,-2.37
rollercoaster,anew,8.02,-1.63,8.06,-1.71
romantic,anew,8.32,-1,7.59,-2.07
rotten,anew,2.26,-1.37,4.53,-2.38
rough,anew,4.74,-2,5.33,-2.04
rude,anew,2.5,-2.11,6.31,-2.47
runner,anew,5.67,-1.91,4.76,-2.4
rusty,anew,3.86,-1.47,3.77,-2.16
sad,sad,1.61,-0.95,4.13,-2.38
sad,anew,1.61,-0.95,4.13,-2.38
sadness,sad,1.61,-0.95,4.13,-2.38
safe,safe,7.07,-1.9,3.86,-2.72
safe,anew,7.07,-1.9,3.86,-2.72
sailboat,anew,7.25,-1.71,4.88,-2.73
saint,anew,6.49,-1.7,4.49,-1.9
salad,anew,5.74,-1.62,3.81,-2.29
salute,anew,5.92,-1.57,5.31,-2.23
sapphire,anew,7,-1.88,5,-2.72
satisfied,content,7.94,-1.19,4.94,-2.63
satisfied,anew,7.94,-1.19,4.94,-2.63
satisfying,content,7.94,-1.19,4.94,-2.63
save,anew,6.45,-1.93,4.95,-2.19
savior,anew,7.73,-1.56,5.8,-3.01
scalding,anew,2.82,-2.12,5.95,-2.55
scandal,anew,3.32,-1.81,5.12,-2.22
scapegoat,anew,3.67,-1.65,4.53,-2.13
scar,anew,3.38,-1.7,4.79,-2.11
scared,scared,2.78,-1.99,6.82,-2.03
scared,anew,2.78,-1.99,6.82,-2.03
scholar,anew,7.26,-1.42,5.12,-2.46
scissors,anew,5.05,-0.96,4.47,-1.76
scorching,anew,3.76,-1.83,5,-2.74
scorn,contempt,2.84,-2.07,5.48,-2.52
scorn,anew,2.84,-2.07,5.48,-2.52
scornful,contempt,3.02,-2.03,5.04,-2.56
scornful,anew,3.02,-2.03,5.04,-2.56
scorpion,anew,3.69,-2.63,5.38,-3.08
scream,anew,3.88,-2.07,7.04,-1.96
scum,anew,2.43,-1.56,4.88,-2.36
scurvy,anew,3.19,-2,4.71,-2.72
seasick,anew,2.05,-1.2,5.8,-2.88
seat,anew,4.95,-0.98,2.95,-1.72
secure,anew,7.57,-1.76,3.14,-2.47
selfish,selfish,2.42,-1.62,5.5,-2.62
selfish,anew,2.42,-1.62,5.5,-2.62
sentiment,anew,5.98,-1.71,4.41,-2.3
serious,serious,5.08,-1.59,4,-1.87
serious,anew,5.08,-1.59,4,-1.87
severe,anew,3.2,-1.74,5.26,-2.36
sex,anew,8.05,-1.53,7.36,-1.91
sexy,erotic,8.02,-1.12,7.36,-1.91
sexy,anew,8.02,-1.12,7.36,-1.91
shabby,sad,2.13,-1.45,5.07,-2.54
shadow,anew,4.35,-1.23,4.3,-2.26
shamed,ashamed,2.5,-1.34,4.88,-2.27
shamed,anew,2.5,-1.34,4.88,-2.27
shameful,ashamed,2.5,-1.34,4.88,-2.27
shaming,ashamed,2.5,-1.34,4.88,-2.27
shark,anew,3.65,-2.47,7.16,-1.96
sheltered,safe,5.75,-1.92,4.28,-1.77
sheltered,anew,5.75,-1.92,4.28,-1.77
ship,anew,5.55,-1.4,4.38,-2.29
shotgun,anew,4.37,-2.75,6.27,-1.94
shriek,anew,3.93,-2.22,5.36,-2.91
shy,shy,4.64,-1.83,3.77,-2.29
shy,anew,4.64,-1.83,3.77,-2.29
sick,anew,1.9,-1.14,4.29,-2.45
sickness,anew,2.25,-1.71,5.61,-2.67
silk,anew,6.9,-1.27,3.71,-2.51
silly,happy,7.41,-1.8,5.88,-2.38
silly,anew,7.41,-1.8,5.88,-2.38
sin,anew,2.8,-1.67,5.78,-2.21
sinful,anew,2.93,-2.15,6.29,-2.43
sissy,scared,3.14,-1.96,5.17,-2.57
sissy,anew,3.14,-1.96,5.17,-2.57
skeptical,curious,4.52,-1.63,4.91,-1.92
skeptical,anew,4.52,-1.63,4.91,-1.92
skijump,anew,7.06,-1.73,7.06,-2.1
skull,anew,4.27,-1.83,4.75,-1.85
sky,anew,7.37,-1.4,4.27,-2.17
skyscraper,anew,5.88,-1.87,5.71,-2.17
slap,anew,2.95,-1.79,6.46,-2.58
slaughter,anew,1.64,-1.18,6.77,-2.42
slave,anew,1.84,-1.13,6.21,-2.93
sleep,anew,7.2,-1.77,2.8,-2.66
slime,anew,2.68,-1.66,5.36,-2.63
slow,anew,3.93,-1.6,3.39,-2.22
slum,sad,2.39,-1.25,4.78,-2.52
slum,anew,2.39,-1.25,4.78,-2.52
slush,anew,4.66,-1.88,3.73,-2.23
smallpox,anew,2.52,-2.08,5.58,-2.13
smooth,anew,6.58,-1.78,4.91,-2.57
snake,anew,3.31,-2.2,6.82,-2.1
snob,anew,3.36,-1.81,5.65,-2.36
snow,anew,7.08,-1.83,5.75,-2.47
snuggle,anew,7.92,-1.24,4.16,-2.8
social,anew,6.88,-1.82,4.98,-2.59
soft,anew,7.12,-1.34,4.63,-2.61
solemn,anew,4.32,-1.51,3.56,-1.95
song,anew,7.1,-1.97,6.07,-2.42
soothe,calm,7.3,-1.85,4.4,-3.08
soothe,anew,7.3,-1.85,4.4,-3.08
soothed,calm,7.3,-1.85,4.4,-3.08
sour,mean,3.93,-1.98,5.1,-1.95
sour,anew,3.93,-1.98,5.1,-1.95
space,anew,6.78,-1.66,5.14,-2.54
spanking,anew,3.55,-2.54,5.41,-2.73
sphere,anew,5.33,-0.87,3.88,-1.99
spider,anew,3.33,-1.72,5.71,-2.21
spirit,anew,7,-1.32,5.56,-2.62
spouse,anew,7.58,-1.48,5.21,-2.75
spray,anew,5.45,-1.63,4.14,-2.28
spring,anew,7.76,-1.51,5.67,-2.51
square,anew,4.74,-1.02,3.18,-1.76
stagnant,anew,4.15,-1.57,3.93,-1.94
star,anew,7.27,-1.66,5.83,-2.44
startled,surprised,4.5,-1.67,6.93,-2.24
startled,anew,4.5,-1.67,6.93,-2.24
starving,starving,2.39,-1.82,5.61,-2.53
starving,anew,2.39,-1.82,5.61,-2.53
statue,anew,5.17,-0.7,3.46,-1.72
stench,anew,2.19,-1.37,4.36,-2.46
stiff,anew,4.68,-1.97,4.02,-2.41
stink,anew,3,-1.79,4.26,-2.1
stomach,anew,4.82,-2.06,3.93,-2.49
stool,anew,4.56,-1.72,4,-2.14
storm,anew,4.95,-2.22,5.71,-2.34
stove,anew,4.98,-1.69,4.51,-2.14
street,anew,5.22,-0.72,3.39,-1.87
stress,stressed,2.09,-1.41,7.45,-2.38
stress,anew,2.09,-1.41,7.45,-2.38
stressful,stressed,2.09,-1.41,7.45,-2.38
stressing,stressed,2.09,-1.41,7.45,-2.38
strong,anew,7.11,-1.48,5.92,-2.28
stupid,anew,2.31,-1.37,4.72,-2.71
subdued,anew,4.67,-1.31,2.9,-1.81
success,anew,8.29,-0.93,6.11,-2.65
suffocate,anew,1.56,-0.96,6.03,-3.19
sugar,anew,6.74,-1.73,5.64,-2.18
suicide,anew,1.25,-0.69,5.73,-3.14
sun,anew,7.55,-1.85,5.04,-2.66
sunlight,anew,7.76,-1.43,6.1,-2.3
sunrise,anew,7.86,-1.35,5.06,-3.05
sunset,anew,7.68,-1.72,4.2,-2.99
super,great,9,0,6,0
surgery,anew,2.86,-2.19,6.35,-2.32
surprised,surprised,7.47,-1.56,7.47,-2.09
surprised,anew,7.47,-1.56,7.47,-2.09
surprising,surprised,7.47,-1.56,7.47,-2.09
suspicious,curious,3.76,-1.42,6.25,-1.59
suspicious,anew,3.76,-1.42,6.25,-1.59
swamp,anew,5.14,-2.24,4.86,-2.36
sweetheart,anew,8.42,-0.83,5.5,-2.73
swift,anew,6.46,-1.76,5.39,-2.53
swimmer,anew,6.54,-1.64,4.82,-2.49
syphilis,anew,1.68,-1.23,5.69,-3.25
table,anew,5.22,-0.72,2.92,-2.16
talent,anew,7.56,-1.25,6.27,-1.8
tamper,anew,4.1,-1.88,4.95,-2.01
tank,anew,5.16,-1.87,4.88,-1.86
taste,anew,6.66,-1.57,5.22,-2.38
taxi,anew,5,-1.96,3.41,-2.14
teacher,anew,5.68,-2.12,4.05,-2.61
tease,anew,4.84,-2.51,5.87,-2.56
tender,anew,6.93,-1.28,4.88,-2.3
tennis,anew,6.02,-1.97,4.61,-2.6
tense,annoying,3.56,-1.36,6.53,-2.1
tense,anew,3.56,-1.36,6.53,-2.1
termite,anew,3.58,-2.08,5.39,-2.43
terrible,unhappy,1.93,-1.44,6.27,-2.44
terrible,anew,1.93,-1.44,6.27,-2.44
terrific,great,8.16,-1.12,6.23,-2.73
terrific,anew,8.16,-1.12,6.23,-2.73
terrified,scared,1.72,-1.14,7.86,-2.27
terrified,anew,1.72,-1.14,7.86,-2.27
terrifying,scared,1.72,-1.14,7.86,-2.27
terrorist,anew,1.69,-1.42,7.27,-2.38
thankful,happy,6.89,-2.29,4.34,-2.31
thankful,anew,6.89,-2.29,4.34,-2.31
theory,anew,5.3,-1.49,4.62,-1.94
thermometer,anew,4.73,-1.05,3.79,-2.02
thief,anew,2.13,-1.69,6.89,-2.13
thorn,anew,3.64,-1.76,5.14,-2.14
thought,anew,6.39,-1.58,4.83,-2.46
thoughtful,thoughtful,7.65,-1.03,5.72,-2.3
thoughtful,anew,7.65,-1.03,5.72,-2.3
thrill,anew,8.05,-1.48,8.02,-1.65
thrilled,happy,8.05,-1.48,8.02,-1.65
thrilling,happy,8.05,-1.48,8.02,-1.65
tidy,anew,6.3,-1.56,3.98,-2.22
time,anew,5.31,-2.02,4.64,-2.75
timid,shy,3.86,-1.55,4.11,-2.09
timid,anew,3.86,-1.55,4.11,-2.09
tobacco,anew,3.28,-2.16,4.83,-2.9
tomb,anew,2.94,-1.88,4.73,-2.72
tool,anew,5.19,-1.27,4.33,-1.78
toothache,anew,1.98,-1.15,5.55,-2.51
tornado,anew,2.55,-1.78,6.83,-2.49
torture,anew,1.56,-0.79,6.1,-2.77
tower,anew,5.46,-1.75,3.95,-2.28
toxic,anew,2.1,-1.48,6.4,-2.41
toy,anew,7,-2.01,5.11,-2.84
tragedy,anew,1.78,-1.31,6.24,-2.64
traitor,anew,2.22,-1.69,5.78,-2.47
trash,anew,2.67,-1.45,4.16,-2.16
trauma,anew,2.1,-1.49,6.33,-2.45
travel,anew,7.1,-2,6.21,-2.51
treasure,anew,8.27,-0.9,6.75,-2.3
treat,anew,7.36,-1.38,5.62,-2.25
tree,anew,6.32,-1.56,3.42,-2.21
triumph,confident,7.8,-1.83,5.78,-2.6
triumph,anew,7.8,-1.83,5.78,-2.6
triumphant,anew,8.82,-0.73,6.78,-2.58
trophy,anew,7.78,-1.22,5.39,-2.44
trouble,anew,3.03,-2.09,6.85,-2.03
troubled,stressed,2.17,-1.21,5.94,-2.36
troubled,anew,2.17,-1.21,5.94,-2.36
troubling,stressed,2.17,-1.21,5.94,-2.36
truck,anew,5.47,-1.88,4.84,-2.17
trumpet,anew,5.75,-1.38,4.97,-2.13
trunk,anew,5.09,-1.57,4.18,-2.19
trust,anew,6.68,-2.71,5.3,-2.66
truth,anew,7.8,-1.29,5,-2.77
tumor,anew,2.36,-2.04,6.51,-2.85
tune,anew,6.93,-1.47,4.71,-2.09
twilight,anew,7.23,-1.8,4.7,-2.41
ugly,anew,2.43,-1.27,5.38,-2.23
ulcer,anew,1.78,-1.17,6.12,-2.68
umbrella,anew,5.16,-1.57,3.68,-1.99
uncomfortable,unhappy,2.19,-1.23,4.17,-2.44
unfaithful,anew,2.05,-1.55,6.2,-2.7
unhappy,unhappy,1.57,-0.96,4.18,-2.5
unhappy,anew,1.57,-0.96,4.18,-2.5
unit,anew,5.59,-1.87,3.75,-2.49
unlucky,unfortunate,2,0,4,0
untroubled,calm,7.62,-1.41,3.89,-2.54
untroubled,anew,7.62,-1.41,3.89,-2.54
upset,sad,2,-1.18,5.86,-2.4
upset,anew,2,-1.18,5.86,-2.4
upsetting,sad,2,-1.18,5.86,-2.4
urine,anew,3.25,-1.71,4.2,-2.18
useful,anew,7.14,-1.6,4.26,-2.47
useless,anew,2.13,-1.42,4.87,-2.58
utensil,anew,5.14,-1.39,3.57,-1.98
vacation,anew,8.16,-1.36,5.64,-2.99
vagina,anew,6.14,-1.77,5.55,-2.55
valentine,anew,8.11,-1.35,6.06,-2.91
vampire,anew,4.26,-1.86,6.37,-2.35
vandal,anew,2.71,-1.91,6.4,-1.88
vanity,anew,4.3,-1.91,4.98,-2.31
vehicle,anew,6.27,-2.34,4.63,-2.81
venom,anew,2.68,-1.81,6.08,-2.44
vest,anew,5.25,-1.33,3.95,-2.09
victim,anew,2.18,-1.48,6.06,-2.32
victory,anew,8.32,-1.16,6.63,-2.84
vigorous,anew,6.79,-1.54,5.9,-2.66
village,anew,5.92,-1.34,4.08,-1.87
violent,anew,2.29,-1.78,6.89,-2.47
violin,anew,5.43,-1.98,3.49,-2.26
virgin,anew,6.45,-1.76,5.51,-2.06
virtue,anew,6.22,-2.06,4.52,-2.52
vision,anew,6.62,-1.84,4.66,-2.43
volcano,anew,4.84,-2.14,6.33,-2.21
vomit,anew,2.06,-1.57,5.75,-2.84
voyage,anew,6.25,-1.91,5.55,-2.23
wagon,anew,5.37,-0.97,3.98,-2.04
war,anew,2.08,-1.91,7.49,-2.16
warmth,anew,7.41,-1.81,3.73,-2.4
wasp,anew,3.37,-1.63,5.5,-2.17
waste,anew,2.93,-1.76,4.14,-2.3
watch,anew,5.78,-1.51,4.1,-2.12
water,anew,6.61,-1.78,4.97,-2.49
waterfall,anew,7.88,-1.03,5.37,-2.84
wealthy,anew,7.7,-1.34,5.8,-2.73
weapon,anew,3.97,-1.92,6.03,-1.89
weary,anew,3.79,-2.12,3.81,-2.29
wedding,anew,7.82,-1.56,5.97,-2.85
whistle,anew,5.81,-1.21,4.69,-1.99
white,anew,6.47,-1.59,4.37,-2.14
whore,anew,2.3,-2.11,5.85,-2.93
wicked,anew,2.96,-2.37,6.09,-2.44
wife,anew,6.33,-1.97,4.93,-2.22
win,anew,8.38,-0.92,7.72,-2.16
windmill,anew,5.6,-1.65,3.74,-2.13
window,anew,5.91,-1.38,3.97,-2.01
wine,anew,5.95,-2.19,4.78,-2.34
wink,anew,6.93,-1.83,5.44,-2.68
wise,anew,7.52,-1.23,3.91,-2.64
wish,fortunate,7.09,-2,5.16,-2.62
wish,anew,7.09,-2,5.16,-2.62
wishes,fortunate,7.09,-2,5.16,-2.62
wit,anew,7.32,-1.9,5.42,-2.44
woman,anew,6.64,-1.76,5.32,-2.59
wonder,curious,6.03,-1.58,5,-2.23
wonder,anew,6.03,-1.58,5,-2.23
world,anew,6.5,-2.03,5.32,-2.39
wounds,anew,2.51,-1.58,5.82,-2.01
writer,anew,5.52,-1.9,4.33,-2.45
yacht,anew,6.95,-1.79,5.61,-2.72
yay,great,9,0,7,0
yellow,anew,5.61,-1.94,4.43,-2.05
young,anew,6.89,-2.12,5.64,-2.51
youth,anew,6.75,-2.29,5.67,-2.52
zest,anew,6.79,-2.04,5.59,-2.66
